Post ID,Title,Url
90w013,Online classes and lab,https://www.reddit.com/r/STEM/comments/90w013/online_classes_and_lab/
dagr7j,Discussion of an article about the salaries of English Majors and Engineers,https://www.reddit.com/r/STEM/comments/dagr7j/discussion_of_an_article_about_the_salaries_of/
ebgaye,STEM departments need to be ‚Äòless white and male‚Äô,https://www.reddit.com/r/STEM/comments/ebgaye/stem_departments_need_to_be_less_white_and_male/
eqhyg1,Need your thoughts on this Embedded Computer Kit that helps kids learn to code.,https://www.reddit.com/r/STEM/comments/eqhyg1/need_your_thoughts_on_this_embedded_computer_kit/
g1dxes,B.S. Chemistry and Clinical Research,https://www.reddit.com/r/STEM/comments/g1dxes/bs_chemistry_and_clinical_research/
gnjf1e,Demand for STEM products in China increase after vocational education made a national priority by the Central Government,https://www.inkroo.com/post/top-5-business-opportunities-in-a-post-industrialised-chinese-society
a3gw9w,[NATCAR at UC Davis] Engineering Education Outreach Program,https://www.reddit.com/r/STEM/comments/a3gw9w/natcar_at_uc_davis_engineering_education_outreach/
a3gzvf,[NATCAR at UC Davis] Engineering Education Outreach Program,https://www.reddit.com/r/STEM/comments/a3gzvf/natcar_at_uc_davis_engineering_education_outreach/
au8pec,Is this a good price for starter STEM items?,https://www.ebay.com/itm/Bundle-5-S-T-E-M-DIY-Robots-and-Science-Kit-All-new-never-opened-/312496788004
clg884,CIS vs Geology,https://www.reddit.com/r/STEM/comments/clg884/cis_vs_geology/
frkv5l,Seeking STEM Application Advice,https://www.reddit.com/r/STEM/comments/frkv5l/seeking_stem_application_advice/
bvfvt8,Middle School STEM Teacher,https://www.reddit.com/r/STEM/comments/bvfvt8/middle_school_stem_teacher/
f2sl9g,I got my social life to the next level. You can do that too!,https://www.reddit.com/r/STEM/comments/f2sl9g/i_got_my_social_life_to_the_next_level_you_can_do/
fu9x4q,r/MathDiscussions,https://www.reddit.com/r/STEM/comments/fu9x4q/rmathdiscussions/
g9i7f7,STEM Teachers! I need your help to create a teaching tool!,https://www.reddit.com/r/STEM/comments/g9i7f7/stem_teachers_i_need_your_help_to_create_a/
gyonrj,8-bit Computer Trainer,https://www.reddit.com/r/STEM/comments/gyonrj/8bit_computer_trainer/
fxtekb,Lessons about the Human Eye and Vision in an arduino programming activity,https://www.reddit.com/r/STEM/comments/fxtekb/lessons_about_the_human_eye_and_vision_in_an/
9vp7vk,Lockheed Martin‚Äôs Spacecraft Operations Team here and we‚Äôre helping NASA land on Mars! Ask Us Anything,https://www.reddit.com/r/STEM/comments/9vp7vk/lockheed_martins_spacecraft_operations_team_here/
b8c01m,Hi. I‚Äôm an EdD student and beginning to formulate my dissertation topic/ questions. I want to do a qualitative study on coding/programming and how it affects middle school girls perception of STEM ability. I need 3 sub questions as well. Any thoughts from reddit land? Thanks in advance.,https://www.reddit.com/r/STEM/comments/b8c01m/hi_im_an_edd_student_and_beginning_to_formulate/
f9h78q,"So, should I just switch to Chemical Engineering?",https://www.reddit.com/r/STEM/comments/f9h78q/so_should_i_just_switch_to_chemical_engineering/
cr4exm,"On the fience between neuroscience and electrical engineering major, can I have some help?",https://www.reddit.com/r/STEM/comments/cr4exm/on_the_fience_between_neuroscience_and_electrical/
glm9xe,Summer Stem Institute?,https://www.reddit.com/r/STEM/comments/glm9xe/summer_stem_institute/
ay3pbi,Is STEM education the solution to unemployment? - Vanguard News Nigeria,https://www.vanguardngr.com/2019/03/is-stem-education-the-solution-to-unemployment/
c1bbdq,Seeking ideas for a booth promoting renewable energy,https://www.reddit.com/r/STEM/comments/c1bbdq/seeking_ideas_for_a_booth_promoting_renewable/
d9rvnz,Science student FEEDBACK NEEDED (5 mins)- on a tool that connects designers + researchers to a real community project,https://www.reddit.com/r/STEM/comments/d9rvnz/science_student_feedback_needed_5_mins_on_a_tool/
dlwlua,Optimization career,https://www.reddit.com/r/STEM/comments/dlwlua/optimization_career/
eszs6g,Want a job with a leading STEM educational powerhouse? -The National Inventors Hall of Fame,https://www.reddit.com/r/STEM/comments/eszs6g/want_a_job_with_a_leading_stem_educational/
g65eq0,Looking for career guidance in STEM? Contact our mentors!,https://www.reddit.com/r/STEM/comments/g65eq0/looking_for_career_guidance_in_stem_contact_our/
gy0z39,Join a STEM non-profit,https://www.reddit.com/r/STEM/comments/gy0z39/join_a_stem_nonprofit/
heqavt,"Developing a STEM outreach program for early edu, middle school, and high school age groups for a non profit",https://www.reddit.com/r/STEM/comments/heqavt/developing_a_stem_outreach_program_for_early_edu/
8z0m67,How Do 3D Printers Work? - 3D Printing Terminology Part 2,https://www.reddit.com/r/STEM/comments/8z0m67/how_do_3d_printers_work_3d_printing_terminology/
eba7b9,What can I do to prepare myself in 3 years?,https://www.reddit.com/r/STEM/comments/eba7b9/what_can_i_do_to_prepare_myself_in_3_years/
a17e6a,"Help K-12 Students Win Scholarships with STEM PBL - Deadline: Feb 8, 2018",https://www.reddit.com/r/STEM/comments/a17e6a/help_k12_students_win_scholarships_with_stem_pbl/
hc8wwf,Free Virtual Lab Lessons on Youtube,https://www.reddit.com/r/STEM/comments/hc8wwf/free_virtual_lab_lessons_on_youtube/
f3ksft,"Funding for Study of Barriers to Higher Education in Science, Technology, Engineering, and Math (STEM) Among Women and Disadvantaged Groups in Nepal",https://www.reddit.com/r/STEM/comments/f3ksft/funding_for_study_of_barriers_to_higher_education/
Post ID,Title,Url
8zyme1,What is Gcode? - For 3D Printing!,https://www.reddit.com/r/STEM/comments/8zyme1/what_is_gcode_for_3d_printing/
92uxab,"Am I a ""Biologist""?",https://www.reddit.com/r/STEM/comments/92uxab/am_i_a_biologist/
9tcso6,Idea? Research collaboration web,https://www.reddit.com/r/STEM/comments/9tcso6/idea_research_collaboration_web/
ec34iw,STEM VS Liberal Arts,https://www.reddit.com/r/STEM/comments/ec34iw/stem_vs_liberal_arts/
fu9x4q,r/MathDiscussions,https://www.reddit.com/r/STEM/comments/fu9x4q/rmathdiscussions/
9kghlu,Concerning a Career in Cryptography...,https://www.reddit.com/r/STEM/comments/9kghlu/concerning_a_career_in_cryptography/
bg6q70,"Machine-learning algorithm quantifies gender bias in astronomy. For the same paper, women receive an average of 10.5% fewer citations.",https://www.nature.com/articles/s41550-017-0141
bmqyfc,"Is it just me, or do STEM majors look younger than non-STEM majors?",https://www.reddit.com/r/STEM/comments/bmqyfc/is_it_just_me_or_do_stem_majors_look_younger_than/
gx60k6,Confused excellent student in social sciences,https://www.reddit.com/r/STEM/comments/gx60k6/confused_excellent_student_in_social_sciences/
9p6q8x,Looking for info regarding MLT/CLT education,https://www.reddit.com/r/STEM/comments/9p6q8x/looking_for_info_regarding_mltclt_education/
easq9s,Question: I am a freshman in high school. I‚Äôve seen a lot of stuff about stem. I was wondering how to find stem opportunities. I live in the Kansas City area and I don‚Äôt know where to start looking. If anyone could help me it would be greatly appreciated,https://www.reddit.com/r/STEM/comments/easq9s/question_i_am_a_freshman_in_high_school_ive_seen/
h7s870,Friends in STEM,https://www.reddit.com/r/STEM/comments/h7s870/friends_in_stem/
92fa4v,Experiment with algae.,https://i.redd.it/tis1799afjc11.jpg
9kugr0,Early STEM education: A Personal Experiment,https://www.linkedin.com/pulse/early-stem-education-personal-experiment-manish-saini/
f577dy,STEM Research Paper,https://www.reddit.com/r/STEM/comments/f577dy/stem_research_paper/
f9ttvh,Volcanic Eruption Experiment for Kids,https://youtu.be/vwv2pCrywB0
fd0e0l,DIY Bath Bomb experiment - home science for kids,https://m.youtube.com/watch?v=yUxzzEpZQjQ&amp;feature=youtu.be
gtxj4a,An interesting experiment to try out!,https://www.reddit.com/r/STEM/comments/gtxj4a/an_interesting_experiment_to_try_out/
gxbgb9,Science Activities For KIDS: Without Long Parental Preperations!,https://www.reddit.com/r/STEM/comments/gxbgb9/science_activities_for_kids_without_long_parental/
dbwlmp,Guess which college leads the nation in percentage of STEM grads who go on to earn STEM PhDs?,https://www.reed.edu/reed-magazine/articles/2019/stem-phd-report.html
Post ID,Title,Url
8zyme1,What is Gcode? - For 3D Printing!,https://www.reddit.com/r/STEM/comments/8zyme1/what_is_gcode_for_3d_printing/
b9mxcc,South Shore Science Festival,https://www.reddit.com/r/STEM/comments/b9mxcc/south_shore_science_festival/
dlwlua,Optimization career,https://www.reddit.com/r/STEM/comments/dlwlua/optimization_career/
dy71xy,What is STEM exactly?,https://www.reddit.com/r/STEM/comments/dy71xy/what_is_stem_exactly/
esvlhn,Ideas for Tracking Makerspace usage metrics,https://www.reddit.com/r/STEM/comments/esvlhn/ideas_for_tracking_makerspace_usage_metrics/
f49jbt,Invention show in Singapore,https://www.reddit.com/r/STEM/comments/f49jbt/invention_show_in_singapore/
fd5ruz,Member needed for NIMO,https://www.reddit.com/r/STEM/comments/fd5ruz/member_needed_for_nimo/
g4pmab,Free Friendly NPO hosted on Discord server for STEM Future enthusiasts who want to turn the world into a sci-fi dream.,https://www.reddit.com/r/STEM/comments/g4pmab/free_friendly_npo_hosted_on_discord_server_for/
cwh3jf,"[Hiring] Rolls-Royce is looking for a Lifecycle Engineer (Bristol, UK)",https://www.reddit.com/r/STEM/comments/cwh3jf/hiring_rollsroyce_is_looking_for_a_lifecycle/
d7ynxs,Aerospace Internship and Executive Mentorship Opportunities,https://www.reddit.com/r/STEM/comments/d7ynxs/aerospace_internship_and_executive_mentorship/
a3gw9w,[NATCAR at UC Davis] Engineering Education Outreach Program,https://www.reddit.com/r/STEM/comments/a3gw9w/natcar_at_uc_davis_engineering_education_outreach/
a3gzvf,[NATCAR at UC Davis] Engineering Education Outreach Program,https://www.reddit.com/r/STEM/comments/a3gzvf/natcar_at_uc_davis_engineering_education_outreach/
euid0x,"I have a neuroscience BS, but currently lost career-wise. Looking for advice.",https://www.reddit.com/r/STEM/comments/euid0x/i_have_a_neuroscience_bs_but_currently_lost/
f2rpmb,STEM Scholarships for US Students,https://www.reddit.com/r/STEM/comments/f2rpmb/stem_scholarships_for_us_students/
hczdrp,"""A theory of everything"":Mathematics shown to end in meaninglessness",https://www.reddit.com/r/STEM/comments/hczdrp/a_theory_of_everythingmathematics_shown_to_end_in/
hnzuvc,Mathematical logic shown to end in contradiction,https://www.reddit.com/r/STEM/comments/hnzuvc/mathematical_logic_shown_to_end_in_contradiction/
eqo7yw,LITTLE ENGINEERS,https://www.reddit.com/r/STEM/comments/eqo7yw/little_engineers/
8z0m67,How Do 3D Printers Work? - 3D Printing Terminology Part 2,https://www.reddit.com/r/STEM/comments/8z0m67/how_do_3d_printers_work_3d_printing_terminology/
hl7frm,STEMninjas: A Remote Volunteer Opportunity,https://www.reddit.com/r/STEM/comments/hl7frm/stemninjas_a_remote_volunteer_opportunity/
90w013,Online classes and lab,https://www.reddit.com/r/STEM/comments/90w013/online_classes_and_lab/
Post ID,Title,Url
8zyme1,What is Gcode? - For 3D Printing!,https://www.reddit.com/r/STEM/comments/8zyme1/what_is_gcode_for_3d_printing/
963ip7,K-5 STEM Activities: I'd like to share,https://www.reddit.com/r/STEM/comments/963ip7/k5_stem_activities_id_like_to_share/
9kghlu,Concerning a Career in Cryptography...,https://www.reddit.com/r/STEM/comments/9kghlu/concerning_a_career_in_cryptography/
9s442p,"Pic2Mag Version 2.1 is released. It is a free windows command line program that can process any magnetic array configuration that you can draw. Your students draw the magnets, Pic2Mag draws the fields!",https://i.redd.it/d80by0zz5yu11.png
dgarbu,Get your kids interested in STEM,https://www.reddit.com/r/STEM/comments/dgarbu/get_your_kids_interested_in_stem/
dojldo,codeguppy.com - Coding for kids in the 21st century,https://www.reddit.com/r/STEM/comments/dojldo/codeguppycom_coding_for_kids_in_the_21st_century/
h0ekan,"If you're looking for creative ways to introduce your kids to STEM foundations, this line of games is really cool. They are hands on tabletop games, not computer games, that teach the foundations of coding. This video teaches the game in 2 minutes so you can see how it works.",https://youtu.be/VeL-x7IYfPU
9uzqu4,Quick note,https://www.reddit.com/r/STEM/comments/9uzqu4/quick_note/
a05pyj,Math for its own sake.. my thoughts,https://www.reddit.com/r/STEM/comments/a05pyj/math_for_its_own_sake_my_thoughts/
c8cm1w,Elementary School Makerspace Research,https://www.reddit.com/r/STEM/comments/c8cm1w/elementary_school_makerspace_research/
chelkg,Imbalanced Lifestyle in STEM,https://www.reddit.com/r/STEM/comments/chelkg/imbalanced_lifestyle_in_stem/
czev66,"Physics, Math, Engineering (CS or CPE), a mix? Double major?",https://www.reddit.com/r/STEM/comments/czev66/physics_math_engineering_cs_or_cpe_a_mix_double/
dkvven,"Can anyone please help me with this or point me to helpful readings. Anything helps, thank you",https://i.redd.it/b7rllqvgztt31.jpg
fuf83e,IT/CS TOPIC.I need some advice.,https://www.reddit.com/r/STEM/comments/fuf83e/itcs_topici_need_some_advice/
g59zhb,Career advice for a high school student?,https://www.reddit.com/r/STEM/comments/g59zhb/career_advice_for_a_high_school_student/
gx60k6,Confused excellent student in social sciences,https://www.reddit.com/r/STEM/comments/gx60k6/confused_excellent_student_in_social_sciences/
elzbuc,Building a social life,https://www.reddit.com/r/STEM/comments/elzbuc/building_a_social_life/
etq2xn,Building a social circle as an introvert.,https://www.reddit.com/r/STEM/comments/etq2xn/building_a_social_circle_as_an_introvert/
f2sl9g,I got my social life to the next level. You can do that too!,https://www.reddit.com/r/STEM/comments/f2sl9g/i_got_my_social_life_to_the_next_level_you_can_do/
f6qojt,He became a completely new person,https://www.reddit.com/r/STEM/comments/f6qojt/he_became_a_completely_new_person/
cfdpoe,Spectral lines - playing with light waves ‚Äî stemgeeks,https://stemgeeks.net/steemstem/@svemirac/spectral-lines-playi-1563525530
cnm7f6,Pic2Mag's Field Calculator is a free program where you and your students can draw magnets on the screen and the Field Calculator computes and diagrams the magnetic fields. The drawings can be both science and art.,https://www.reddit.com/r/STEM/comments/cnm7f6/pic2mags_field_calculator_is_a_free_program_where/
f49jbt,Invention show in Singapore,https://www.reddit.com/r/STEM/comments/f49jbt/invention_show_in_singapore/
8z0m67,How Do 3D Printers Work? - 3D Printing Terminology Part 2,https://www.reddit.com/r/STEM/comments/8z0m67/how_do_3d_printers_work_3d_printing_terminology/
hog9xn,Godels 1st and 2nd theorems shown to end in meaninglessness,https://www.reddit.com/r/STEM/comments/hog9xn/godels_1st_and_2nd_theorems_shown_to_end_in/
agt9od,happens to anyone else?,https://www.reddit.com/r/STEM/comments/agt9od/happens_to_anyone_else/
b57p9d,"Women in STEM, Can you tell me your experiences?",https://www.reddit.com/r/STEM/comments/b57p9d/women_in_stem_can_you_tell_me_your_experiences/
gk0vgb,"For those interested in Podcasts, this is one with Dr. Tanya Harrison, a Former Mission Operator with the Mars Rovers and a Planetary Scientist Focusing on Martian Geomorphology. Here, she discusses at length some of the operations and discoveries made during the Rover missions.",https://youtu.be/b-6UXxJ3Oa0
9p6q8x,Looking for info regarding MLT/CLT education,https://www.reddit.com/r/STEM/comments/9p6q8x/looking_for_info_regarding_mltclt_education/
easq9s,Question: I am a freshman in high school. I‚Äôve seen a lot of stuff about stem. I was wondering how to find stem opportunities. I live in the Kansas City area and I don‚Äôt know where to start looking. If anyone could help me it would be greatly appreciated,https://www.reddit.com/r/STEM/comments/easq9s/question_i_am_a_freshman_in_high_school_ive_seen/
h7s870,Friends in STEM,https://www.reddit.com/r/STEM/comments/h7s870/friends_in_stem/
ad9uho,Support my daughter in becoming Discovery Science Museum Director for a Day,https://www.reddit.com/r/STEM/comments/ad9uho/support_my_daughter_in_becoming_discovery_science/
e1nhl4,Marty the robot goes autonomous - fitting distance &amp; bump sensors,https://youtu.be/Wdx_hR1md7s
fj9y3p,STEM distance learning,https://www.reddit.com/r/STEM/comments/fj9y3p/stem_distance_learning/
b993g9,Which STEM major has the highest yearly available jobs to university bachelor graduates ratio with a decent starting salary around 60k?,https://www.reddit.com/r/STEM/comments/b993g9/which_stem_major_has_the_highest_yearly_available/
canu83,KiwiCo for large groups,https://www.reddit.com/r/STEM/comments/canu83/kiwico_for_large_groups/
dagr7j,Discussion of an article about the salaries of English Majors and Engineers,https://www.reddit.com/r/STEM/comments/dagr7j/discussion_of_an_article_about_the_salaries_of/
g5q7rn,STEM programs for female students,https://www.reddit.com/r/STEM/comments/g5q7rn/stem_programs_for_female_students/
Post ID,Title,Url
97f56l,Survey- STEM Research,https://www.reddit.com/r/STEM/comments/97f56l/survey_stem_research/
9iioi3,STEM research,https://www.reddit.com/r/STEM/comments/9iioi3/stem_research/
fd5ruz,Member needed for NIMO,https://www.reddit.com/r/STEM/comments/fd5ruz/member_needed_for_nimo/
9a0upt,STEM club at community college struggling,https://www.reddit.com/r/STEM/comments/9a0upt/stem_club_at_community_college_struggling/
fmr9yy,International Bioinformatics Org EC Opportunity,https://www.reddit.com/r/STEM/comments/fmr9yy/international_bioinformatics_org_ec_opportunity/
b5i5je,US government-funded (aka basically free) STEM teacher professional development for k-8 educators.,https://www.mda.mil/about/stemed.html
fge9x5,ORISE Virtual STEM Outreach Fair,https://www.reddit.com/r/STEM/comments/fge9x5/orise_virtual_stem_outreach_fair/
frkv5l,Seeking STEM Application Advice,https://www.reddit.com/r/STEM/comments/frkv5l/seeking_stem_application_advice/
g65eq0,Looking for career guidance in STEM? Contact our mentors!,https://www.reddit.com/r/STEM/comments/g65eq0/looking_for_career_guidance_in_stem_contact_our/
gnjf1e,Demand for STEM products in China increase after vocational education made a national priority by the Central Government,https://www.inkroo.com/post/top-5-business-opportunities-in-a-post-industrialised-chinese-society
aca4w4,How do you break into the field of IT or MIS at 25 and with a liberal arts undergraduate degree?,https://www.reddit.com/r/STEM/comments/aca4w4/how_do_you_break_into_the_field_of_it_or_mis_at/
bmqyfc,"Is it just me, or do STEM majors look younger than non-STEM majors?",https://www.reddit.com/r/STEM/comments/bmqyfc/is_it_just_me_or_do_stem_majors_look_younger_than/
c8tmqf,STEM students like horror movies,https://www.reddit.com/r/STEM/comments/c8tmqf/stem_students_like_horror_movies/
dagr7j,Discussion of an article about the salaries of English Majors and Engineers,https://www.reddit.com/r/STEM/comments/dagr7j/discussion_of_an_article_about_the_salaries_of/
e3falw,Why do people say liberal arts degrees are more important than STEM?,https://www.reddit.com/r/STEM/comments/e3falw/why_do_people_say_liberal_arts_degrees_are_more/
ec34iw,STEM VS Liberal Arts,https://www.reddit.com/r/STEM/comments/ec34iw/stem_vs_liberal_arts/
h15fjb,Interdisciplinary Neuroscience vs Biomedical engineering,https://www.reddit.com/r/STEM/comments/h15fjb/interdisciplinary_neuroscience_vs_biomedical/
byeyg3,Where to start a career change?,https://www.reddit.com/r/STEM/comments/byeyg3/where_to_start_a_career_change/
ck637x,7 Ways to Utilize the Creative Freedom Provided by STEM,https://thestempedia.com/blog/7-ways-to-utilize-the-creative-freedom-provided-by-stem/
higwi7,Which STEM book are you reading this week?,https://www.reddit.com/r/STEM/comments/higwi7/which_stem_book_are_you_reading_this_week/
b8yb2p,What counts as a STEM career?,https://www.reddit.com/r/STEM/comments/b8yb2p/what_counts_as_a_stem_career/
c9r27n,Cognitive Science.,https://www.reddit.com/r/STEM/comments/c9r27n/cognitive_science/
cr723y,Girlfriend wants to get back in STEM,https://www.reddit.com/r/STEM/comments/cr723y/girlfriend_wants_to_get_back_in_stem/
fdn23b,"A server dedicated to opinions, knowledge, and theory: Sciences &amp; Humanities (Math, physics, programming), Philosophy, Psychology, Linguistics, &amp; more. Political discussions and debates are also welcomed. Come engage in mind-stimulating discussion.",https://discord.gg/PV8snuv
frstlw,Do you consider Psychology to be a part of Stem?,https://www.reddit.com/r/STEM/comments/frstlw/do_you_consider_psychology_to_be_a_part_of_stem/
gx60k6,Confused excellent student in social sciences,https://www.reddit.com/r/STEM/comments/gx60k6/confused_excellent_student_in_social_sciences/
hgy2hu,"A server dedicated to opinions, knowledge, and theory: Sciences &amp; Humanities (life science, physical science, earth science, psychology, philosophy, politics, math, &amp; more). All discussions and debates are welcomed. Come engage in mind-stimulating discussion.",https://discord.com/invite/PV8snuv
bf7h72,Implicit Bias in STEM,https://www.reddit.com/r/STEM/comments/bf7h72/implicit_bias_in_stem/
cr4exm,"On the fience between neuroscience and electrical engineering major, can I have some help?",https://www.reddit.com/r/STEM/comments/cr4exm/on_the_fience_between_neuroscience_and_electrical/
euid0x,"I have a neuroscience BS, but currently lost career-wise. Looking for advice.",https://www.reddit.com/r/STEM/comments/euid0x/i_have_a_neuroscience_bs_but_currently_lost/
g5q7rn,STEM programs for female students,https://www.reddit.com/r/STEM/comments/g5q7rn/stem_programs_for_female_students/
agweyz,Meera Kaul speech at Women In STEM 2K15,https://www.reddit.com/r/STEM/comments/agweyz/meera_kaul_speech_at_women_in_stem_2k15/
atei24,I can't make money and I am pissed,https://www.reddit.com/r/STEM/comments/atei24/i_cant_make_money_and_i_am_pissed/
d5xnfw,Interested in stem,https://www.reddit.com/r/STEM/comments/d5xnfw/interested_in_stem/
9gq92g,Should I be concerned about not remembering how to do everything I learned in undergrad?,https://www.reddit.com/r/STEM/comments/9gq92g/should_i_be_concerned_about_not_remembering_how/
963ip7,K-5 STEM Activities: I'd like to share,https://www.reddit.com/r/STEM/comments/963ip7/k5_stem_activities_id_like_to_share/
98td7x,STEMMING Up: The Most Rewarding STEM Toys to Learn Coding in 2018,https://www.reddit.com/r/STEM/comments/98td7x/stemming_up_the_most_rewarding_stem_toys_to_learn/
9d6mf3,Meet the Robotic Toys that got Sphero Rolling into Classrooms,https://www.reddit.com/r/STEM/comments/9d6mf3/meet_the_robotic_toys_that_got_sphero_rolling/
9s5dsx,Inquiry on STEM in secondary school education,https://www.reddit.com/r/STEM/comments/9s5dsx/inquiry_on_stem_in_secondary_school_education/
9vcifx,Share Your Insights and Get 20 Dollars!,https://www.reddit.com/r/STEM/comments/9vcifx/share_your_insights_and_get_20_dollars/
ajdao7,STEAM Drones - Teach Kids Coding with Drones !,https://www.reddit.com/r/STEM/comments/ajdao7/steam_drones_teach_kids_coding_with_drones/
ayw8yy,Any parents interested in teaching their kids STEM? ex educational toys,https://www.reddit.com/r/STEM/comments/ayw8yy/any_parents_interested_in_teaching_their_kids/
azq90a,7 best board games to help children think big ‚Äì by Kevin Dickinson ‚Äì 4 March 2019,https://xenagoguevicene.com/2019/03/10/7-best-board-games-to-help-children-think-big-by-kevin-dickinson-4-march-2019/
b9wgt9,STEM Nature-ology Spring Break Kids Workshop,https://www.reddit.com/r/STEM/comments/b9wgt9/stem_natureology_spring_break_kids_workshop/
bow85i,Important Life Skills That Children Learn from STEM Education,https://thestempedia.com/blog/important-life-skills-that-students-learn-from-stem-education/
cbcqye,STEM Activity For Children : Practical Application Of Conducting Property of Water,https://www.reddit.com/r/STEM/comments/cbcqye/stem_activity_for_children_practical_application/
cdd78k,STEM activity for children,https://www.reddit.com/r/STEM/comments/cdd78k/stem_activity_for_children/
cf7xum,Teaching STEM Outdoors: Activities for Young Children is 39% off,https://www.facebook.com/permalink.php?story_fbid=734016127068808&amp;id=565143610622728&amp;__xts__%5B0%5D=68.ARBuyTBhE9Lsix_9RiH--sLBQka9VTGdVUuZw8tAxPGQ8s7KkGxjtEXt-Nnug8XUrJ7zwpcoT0UhUTN_EzgrK6qjO1W3IqqeKPYZ18pJyN9UzTbPsbz9R-CHGPTiXQxr-BFAcPG6PURIL2xG9lnIOXdALD36Ab3wtoKuRp6aPF-X_K8UaVwTU2N22JkN3wXZNSPpSaJ3jKAnJfeFN5gDfpCktGlHMs6dRf3KZMO_XwtC8dCZ_LplIQPRbfN_OOZTCytFWqKflRHIWymmyStMDl5j4uaONmdaeOPRM-8nSdQKBu73sNPXilF8wuE5bwLzXWWSUOqs6OEVdqoKCKWT7e8&amp;__tn__=-R
chrzv3,Some Ideas to Let Kids Make Robots at Home,https://www.reddit.com/r/STEM/comments/chrzv3/some_ideas_to_let_kids_make_robots_at_home/
dms2u5,Toys that teach children practical skills,https://www.reddit.com/r/STEM/comments/dms2u5/toys_that_teach_children_practical_skills/
flabt1,Working on a #StayHomeüè† #BuildStuff series for parents to introduce their children to programming.,https://www.reddit.com/r/STEM/comments/flabt1/working_on_a_stayhome_buildstuff_series_for/
g2o4vv,Need your thoughts on our Explorer program - a STEAM-based online program for children,https://www.reddit.com/r/STEM/comments/g2o4vv/need_your_thoughts_on_our_explorer_program_a/
gwlvi3,Fun STEM Activities to Keep Children Busy,"https://kidpillar.com/fun-stem-activities-to-keep-children-busy-infographic/  Early education in STEM turns kids into smart problem-solvers, critical thinkers, and innovators as they grow up. Kidpillar has created a list of simple games and DIY activities that will pique children's interest in science, tech, engineering and math and keep them occupied for hours at the same time. What's more, all props can be found in and around the house or school!"
gwlzqh,Fun STEM Activities to Keep Children Busy [INFOGRAPHIC],https://kidpillar.com/fun-stem-activities-to-keep-children-busy-infographic/
gxbgb9,Science Activities For KIDS: Without Long Parental Preperations!,https://www.reddit.com/r/STEM/comments/gxbgb9/science_activities_for_kids_without_long_parental/
fm4l8u,Has anyone else let themselves go while completing their degree(s)?,https://www.reddit.com/r/STEM/comments/fm4l8u/has_anyone_else_let_themselves_go_while/
9vbvq3,High school STE(A)M Club Advice?,https://www.reddit.com/r/STEM/comments/9vbvq3/high_school_steam_club_advice/
9deg39,Woman w STEM degree,https://www.reddit.com/r/STEM/comments/9deg39/woman_w_stem_degree/
9wrsws,Stem Cell Therapy Market by Type &amp; Therapeutic Applications,http://www.marketsandmarkets.com/Market-Reports/stem-cell-technologies-and-global-market-48.html
akq79r,Stem Cell Therapy Market by Type &amp; Therapeutic Applications - 2021,https://www.sharewise.com/us/news_articles/2078521
dxg23p,Weird question,https://www.reddit.com/r/STEM/comments/dxg23p/weird_question/
992jw8,Meet the Spinal Surgeon That Has Advice For Girls Interested in Medicine,http://raisingnerd.com/2018/02/02/jessica-aidlen/
ektigc,"24 Year Old Malawian Inventor, Sanga Kathema - Innovating In Bio-Medicine With Very Limited Resources",https://www.youtube.com/watch?v=Isp_9iDTFGo&amp;t=1s
f8s5m5,Extra things to give me a competitive edge while job hunting in biology?,https://www.reddit.com/r/STEM/comments/f8s5m5/extra_things_to_give_me_a_competitive_edge_while/
fh54ha,A New Tool for Humanizing Medicine - Scientific American Blog Network,https://blogs.scientificamerican.com/observations/a-new-tool-for-humanizing-medicine/
g2sg4b,Do you consider scientists part of stem?,https://www.reddit.com/r/STEM/comments/g2sg4b/do_you_consider_scientists_part_of_stem/
gy0z39,Join a STEM non-profit,https://www.reddit.com/r/STEM/comments/gy0z39/join_a_stem_nonprofit/
gy6777,QuBes Summer Camp (Beginners level Quantum Computing Course),https://www.reddit.com/r/STEM/comments/gy6777/qubes_summer_camp_beginners_level_quantum/
hga2kb,Quantum Computing Summer Camp!!,https://www.reddit.com/r/STEM/comments/hga2kb/quantum_computing_summer_camp/
c0jm5q,How to Fire Up Motivation at Schools with STEM?,https://www.reddit.com/r/STEM/comments/c0jm5q/how_to_fire_up_motivation_at_schools_with_stem/
b8c01m,Hi. I‚Äôm an EdD student and beginning to formulate my dissertation topic/ questions. I want to do a qualitative study on coding/programming and how it affects middle school girls perception of STEM ability. I need 3 sub questions as well. Any thoughts from reddit land? Thanks in advance.,https://www.reddit.com/r/STEM/comments/b8c01m/hi_im_an_edd_student_and_beginning_to_formulate/
Post ID,Title,Url
cc4fao,Girls Sports Hackathon with 49ers,https://www.reddit.com/r/STEM/comments/cc4fao/girls_sports_hackathon_with_49ers/
eh2u4p,This was our first full calendar year operating our Makerspace in Massachusetts. We had all of our members pitch in for this project to mark the milestone. Really glad we did Bc it‚Äôs been such a great year building this community.,https://www.youtube.com/watch?v=hawnDhpIMxI
98td7x,STEMMING Up: The Most Rewarding STEM Toys to Learn Coding in 2018,https://www.reddit.com/r/STEM/comments/98td7x/stemming_up_the_most_rewarding_stem_toys_to_learn/
c8rz96,Career options for someone interested in chemistry and math,https://www.reddit.com/r/STEM/comments/c8rz96/career_options_for_someone_interested_in/
dojldo,codeguppy.com - Coding for kids in the 21st century,https://www.reddit.com/r/STEM/comments/dojldo/codeguppycom_coding_for_kids_in_the_21st_century/
g1dxes,B.S. Chemistry and Clinical Research,https://www.reddit.com/r/STEM/comments/g1dxes/bs_chemistry_and_clinical_research/
hkd8og,Summer Virtual Science Fair and STEM Classes,https://www.reddit.com/r/STEM/comments/hkd8og/summer_virtual_science_fair_and_stem_classes/
g9i7f7,STEM Teachers! I need your help to create a teaching tool!,https://www.reddit.com/r/STEM/comments/g9i7f7/stem_teachers_i_need_your_help_to_create_a/
90w013,Online classes and lab,https://www.reddit.com/r/STEM/comments/90w013/online_classes_and_lab/
96mu9c,What did you wish you could do/have growing up?,https://www.reddit.com/r/STEM/comments/96mu9c/what_did_you_wish_you_could_dohave_growing_up/
9blaym,Are jobs in chemistry nonexistent these days?,https://www.reddit.com/r/STEM/comments/9blaym/are_jobs_in_chemistry_nonexistent_these_days/
a6h4bn,Careers!,https://www.reddit.com/r/STEM/comments/a6h4bn/careers/
b20uac,Science Experiments/ Demonstrations for After School Program,https://www.reddit.com/r/STEM/comments/b20uac/science_experiments_demonstrations_for_after/
b6yy89,Thinking of teaching STEM? Consider this fully funded master's program.,https://www.reddit.com/r/STEM/comments/b6yy89/thinking_of_teaching_stem_consider_this_fully/
b6z4wj,Thinking of teaching STEM? Consider this fully funded master's program.,https://www.reddit.com/r/STEM/comments/b6z4wj/thinking_of_teaching_stem_consider_this_fully/
b9vjka,How does one go about pursuing a career in science?,https://www.reddit.com/r/STEM/comments/b9vjka/how_does_one_go_about_pursuing_a_career_in_science/
dcruqq,Pharmaceutical Research,https://www.reddit.com/r/STEM/comments/dcruqq/pharmaceutical_research/
dczpcr,"I want to pursue something in chemistry and CS, but I'm not good with math. Advice?",https://www.reddit.com/r/STEM/comments/dczpcr/i_want_to_pursue_something_in_chemistry_and_cs/
dmrxa6,Here are the 13 best STEM toys for kids,https://www.reddit.com/r/STEM/comments/dmrxa6/here_are_the_13_best_stem_toys_for_kids/
e747f6,Seeking LA-Based Women AGES 18-22 PURSUING AN EDUCATION/CAREER IN STEM!,https://www.reddit.com/r/STEM/comments/e747f6/seeking_labased_women_ages_1822_pursuing_an/
e9s078,Maths vs chemistry vs physics,https://www.reddit.com/r/STEM/comments/e9s078/maths_vs_chemistry_vs_physics/
euzoar,MAYBE STEM ISN'T FOR ME,https://www.reddit.com/r/STEM/comments/euzoar/maybe_stem_isnt_for_me/
f18zpw,How do you get tweens to enjoy and want to do Physics and Math...,https://www.reddit.com/r/STEM/comments/f18zpw/how_do_you_get_tweens_to_enjoy_and_want_to_do/
f9h78q,"So, should I just switch to Chemical Engineering?",https://www.reddit.com/r/STEM/comments/f9h78q/so_should_i_just_switch_to_chemical_engineering/
g2sg4b,Do you consider scientists part of stem?,https://www.reddit.com/r/STEM/comments/g2sg4b/do_you_consider_scientists_part_of_stem/
gvenz9,Chemistry set for kids,https://www.reddit.com/r/STEM/comments/gvenz9/chemistry_set_for_kids/
gy6777,QuBes Summer Camp (Beginners level Quantum Computing Course),https://www.reddit.com/r/STEM/comments/gy6777/qubes_summer_camp_beginners_level_quantum/
hc8wwf,Free Virtual Lab Lessons on Youtube,https://www.reddit.com/r/STEM/comments/hc8wwf/free_virtual_lab_lessons_on_youtube/
hfzgf4,STEM Enrichment Program for Youth! Free + Currently Virtual,https://www.reddit.com/r/STEM/comments/hfzgf4/stem_enrichment_program_for_youth_free_currently/
hga2kb,Quantum Computing Summer Camp!!,https://www.reddit.com/r/STEM/comments/hga2kb/quantum_computing_summer_camp/
hn0hgo,Physics vs Chemistry,https://www.reddit.com/r/STEM/comments/hn0hgo/physics_vs_chemistry/
ba353a,Stirling Engine model,https://www.reddit.com/r/STEM/comments/ba353a/stirling_engine_model/
c1bbdq,Seeking ideas for a booth promoting renewable energy,https://www.reddit.com/r/STEM/comments/c1bbdq/seeking_ideas_for_a_booth_promoting_renewable/
e8f8sg,Why do people make STEM fields out to be boring/soulless/uncreative?,https://www.reddit.com/r/STEM/comments/e8f8sg/why_do_people_make_stem_fields_out_to_be/
exr8mr,I needed help looking for STEM activities!,https://www.reddit.com/r/STEM/comments/exr8mr/i_needed_help_looking_for_stem_activities/
f4hyaz,How to get more energy?,https://www.reddit.com/r/STEM/comments/f4hyaz/how_to_get_more_energy/
f5yx3v,ORNL Science Education &amp; Workforce Development Virtual Career Fair,https://www.reddit.com/r/STEM/comments/f5yx3v/ornl_science_education_workforce_development/
fug393,A helpful explanation of energy and entropy,https://medium.com/predict/the-two-things-you-didnt-realize-govern-everything-52812af1b54c?source=friends_link&amp;sk=0358c8e2c8d99c283c466541e3c89bfd
9b18vj,Nanome: Minecraft for molecules.,https://www.reddit.com/r/STEM/comments/9b18vj/nanome_minecraft_for_molecules/
9bb26p,Virtual Reality in STEM Research: World's first VR-Stem software developed by a Blockchain company.,https://www.reddit.com/r/STEM/comments/9bb26p/virtual_reality_in_stem_research_worlds_first/
c5vbsm,Why structural biologists love to see molecules in Virtual Reality,https://blog.matryx.ai/why-structural-biologists-love-3d-molecular-visualization-in-virtual-reality-560ba25a4534
fijbpk,"Panel-1 Arrays of permanent magnets, designed to have isopotential plots similar to hydrogen wave functions of 1s, 2p, 3d, &amp; 4f. If you can draw it, Pic2Mag can process it. Pic2Mag software is available in the Microsoft and Google stores.",https://i.redd.it/su8x7777gnm41.png
gjg860,How do I develop an interest in STEM fields as an adult?,https://www.reddit.com/r/STEM/comments/gjg860/how_do_i_develop_an_interest_in_stem_fields_as_an/
clg884,CIS vs Geology,https://www.reddit.com/r/STEM/comments/clg884/cis_vs_geology/
cwh3jf,"[Hiring] Rolls-Royce is looking for a Lifecycle Engineer (Bristol, UK)",https://www.reddit.com/r/STEM/comments/cwh3jf/hiring_rollsroyce_is_looking_for_a_lifecycle/
eba7b9,What can I do to prepare myself in 3 years?,https://www.reddit.com/r/STEM/comments/eba7b9/what_can_i_do_to_prepare_myself_in_3_years/
hgzfs0,How air pressure works || DIY - Part 2,https://www.youtube.com/watch?v=XXIa2XQ61ok&amp;feature=share
8zyme1,What is Gcode? - For 3D Printing!,https://www.reddit.com/r/STEM/comments/8zyme1/what_is_gcode_for_3d_printing/
9lel52,Radiobio interviews Dr. Anita Sil of UCSF on how the fungal pathogen Histoplasma capsulatum regulates its cell shape and virulence by temperature.,https://www.radiobio.net/
bo9d9m,Saildrone &amp; the 1851 Trust have developed a new STEM curriculum for middle-grade students based on the 2019 Antarctic Circumnavigation.,https://www.reddit.com/r/STEM/comments/bo9d9m/saildrone_the_1851_trust_have_developed_a_new/
9dm8ri,PubLab: Open and collaborative scientific publishing,https://www.reddit.com/r/STEM/comments/9dm8ri/publab_open_and_collaborative_scientific/
cyxrk2,Periodic table of elements counting flashcards that I made.,https://i.redd.it/lqrlupt91ak31.jpg
cyxz9a,Periodic table of elements counting flashcards that I made.,https://i.redd.it/0hsom7up4ak31.jpg
fsvi45,The Elements - a song by Tom Lehrer (with permission),https://youtu.be/2TOmpKcdhe8
higwi7,Which STEM book are you reading this week?,https://www.reddit.com/r/STEM/comments/higwi7/which_stem_book_are_you_reading_this_week/
hojju2,ZFC is shown to be inconsistent-thus it is invalid and ends in meaninglessness,https://www.reddit.com/r/STEM/comments/hojju2/zfc_is_shown_to_be_inconsistentthus_it_is_invalid/
hpqj81,I made a video about the etymology of the 118 Elements of the Periodic Table,https://youtu.be/0xdUgJBQYm0
ebgaye,STEM departments need to be ‚Äòless white and male‚Äô,https://www.reddit.com/r/STEM/comments/ebgaye/stem_departments_need_to_be_less_white_and_male/
eqo7yw,LITTLE ENGINEERS,https://www.reddit.com/r/STEM/comments/eqo7yw/little_engineers/
d2ycld,A STEM toy for kids that encourages active play and exploring scientific principles,https://www.reddit.com/r/STEM/comments/d2ycld/a_stem_toy_for_kids_that_encourages_active_play/
f577dy,STEM Research Paper,https://www.reddit.com/r/STEM/comments/f577dy/stem_research_paper/
esva66,Mildly Quirky Question,https://www.reddit.com/r/STEM/comments/esva66/mildly_quirky_question/
9wrsws,Stem Cell Therapy Market by Type &amp; Therapeutic Applications,http://www.marketsandmarkets.com/Market-Reports/stem-cell-technologies-and-global-market-48.html
akq79r,Stem Cell Therapy Market by Type &amp; Therapeutic Applications - 2021,https://www.sharewise.com/us/news_articles/2078521
au6loa,Stem Cell Treatment,https://v.redd.it/vocruwnsohi21
gmso95,What are vaccines and how do they protect us?,https://www.reddit.com/r/STEM/comments/gmso95/what_are_vaccines_and_how_do_they_protect_us/
h7s870,Friends in STEM,https://www.reddit.com/r/STEM/comments/h7s870/friends_in_stem/
Post ID,Title,Url
9bpsrq,Seeing DNA and its base pairs in VR with Nanome.AI,https://i.redd.it/3ucyqi8oacj11.gif
9bpu3r,Seeing DNA and its base pairs in VR with Nanome.AI,https://i.redd.it/eqa1hfzobcj11.gif
f1z09q,[SURVEY] Unexpected findings on Direct to Consumer DNA tests,https://www.reddit.com/r/STEM/comments/f1z09q/survey_unexpected_findings_on_direct_to_consumer/
atei24,I can't make money and I am pissed,https://www.reddit.com/r/STEM/comments/atei24/i_cant_make_money_and_i_am_pissed/
c8rz96,Career options for someone interested in chemistry and math,https://www.reddit.com/r/STEM/comments/c8rz96/career_options_for_someone_interested_in/
9b18vj,Nanome: Minecraft for molecules.,https://www.reddit.com/r/STEM/comments/9b18vj/nanome_minecraft_for_molecules/
9bb26p,Virtual Reality in STEM Research: World's first VR-Stem software developed by a Blockchain company.,https://www.reddit.com/r/STEM/comments/9bb26p/virtual_reality_in_stem_research_worlds_first/
c5vbsm,Why structural biologists love to see molecules in Virtual Reality,https://blog.matryx.ai/why-structural-biologists-love-3d-molecular-visualization-in-virtual-reality-560ba25a4534
b8qmjq,Circular Saw Vacuum Attachment Project,https://www.reddit.com/r/STEM/comments/b8qmjq/circular_saw_vacuum_attachment_project/
eszs6g,Want a job with a leading STEM educational powerhouse? -The National Inventors Hall of Fame,https://www.reddit.com/r/STEM/comments/eszs6g/want_a_job_with_a_leading_stem_educational/
gwr9o0,Have you ever used board game play for STEM learning?,https://www.reddit.com/r/STEM/comments/gwr9o0/have_you_ever_used_board_game_play_for_stem/
cfdpoe,Spectral lines - playing with light waves ‚Äî stemgeeks,https://stemgeeks.net/steemstem/@svemirac/spectral-lines-playi-1563525530
gxkab1,Confused student asking for advice,https://www.reddit.com/r/STEM/comments/gxkab1/confused_student_asking_for_advice/
hkd8og,Summer Virtual Science Fair and STEM Classes,https://www.reddit.com/r/STEM/comments/hkd8og/summer_virtual_science_fair_and_stem_classes/
ba353a,Stirling Engine model,https://www.reddit.com/r/STEM/comments/ba353a/stirling_engine_model/
c1bbdq,Seeking ideas for a booth promoting renewable energy,https://www.reddit.com/r/STEM/comments/c1bbdq/seeking_ideas_for_a_booth_promoting_renewable/
e8f8sg,Why do people make STEM fields out to be boring/soulless/uncreative?,https://www.reddit.com/r/STEM/comments/e8f8sg/why_do_people_make_stem_fields_out_to_be/
exr8mr,I needed help looking for STEM activities!,https://www.reddit.com/r/STEM/comments/exr8mr/i_needed_help_looking_for_stem_activities/
f4hyaz,How to get more energy?,https://www.reddit.com/r/STEM/comments/f4hyaz/how_to_get_more_energy/
f5yx3v,ORNL Science Education &amp; Workforce Development Virtual Career Fair,https://www.reddit.com/r/STEM/comments/f5yx3v/ornl_science_education_workforce_development/
fug393,A helpful explanation of energy and entropy,https://medium.com/predict/the-two-things-you-didnt-realize-govern-everything-52812af1b54c?source=friends_link&amp;sk=0358c8e2c8d99c283c466541e3c89bfd
b20uac,Science Experiments/ Demonstrations for After School Program,https://www.reddit.com/r/STEM/comments/b20uac/science_experiments_demonstrations_for_after/
bo9d9m,Saildrone &amp; the 1851 Trust have developed a new STEM curriculum for middle-grade students based on the 2019 Antarctic Circumnavigation.,https://www.reddit.com/r/STEM/comments/bo9d9m/saildrone_the_1851_trust_have_developed_a_new/
fijbpk,"Panel-1 Arrays of permanent magnets, designed to have isopotential plots similar to hydrogen wave functions of 1s, 2p, 3d, &amp; 4f. If you can draw it, Pic2Mag can process it. Pic2Mag software is available in the Microsoft and Google stores.",https://i.redd.it/su8x7777gnm41.png
gjg860,How do I develop an interest in STEM fields as an adult?,https://www.reddit.com/r/STEM/comments/gjg860/how_do_i_develop_an_interest_in_stem_fields_as_an/
8zyme1,What is Gcode? - For 3D Printing!,https://www.reddit.com/r/STEM/comments/8zyme1/what_is_gcode_for_3d_printing/
9lel52,Radiobio interviews Dr. Anita Sil of UCSF on how the fungal pathogen Histoplasma capsulatum regulates its cell shape and virulence by temperature.,https://www.radiobio.net/
9d6mf3,Meet the Robotic Toys that got Sphero Rolling into Classrooms,https://www.reddit.com/r/STEM/comments/9d6mf3/meet_the_robotic_toys_that_got_sphero_rolling/
9hetle,My Reading Log #1: Interesting Posts I read this week (2018-09-19) ‚Äî Steemit,https://steemit.com/readinglog/@getencored/my-reading-log-1-interesting-posts-i-read-this-week-2018-09-19
atsbqo,Grad student survey about STEM and ESL,https://www.reddit.com/r/STEM/comments/atsbqo/grad_student_survey_about_stem_and_esl/
dple7l,Tips and strategies to make STEM part of your everyday elementary classroom,https://www.reddit.com/r/STEM/comments/dple7l/tips_and_strategies_to_make_stem_part_of_your/
e31w4m,"Trying to pick what to study, any advice appreciated!",https://www.reddit.com/r/STEM/comments/e31w4m/trying_to_pick_what_to_study_any_advice/
elzbuc,Building a social life,https://www.reddit.com/r/STEM/comments/elzbuc/building_a_social_life/
fuf83e,IT/CS TOPIC.I need some advice.,https://www.reddit.com/r/STEM/comments/fuf83e/itcs_topici_need_some_advice/
higwi7,Which STEM book are you reading this week?,https://www.reddit.com/r/STEM/comments/higwi7/which_stem_book_are_you_reading_this_week/
8zueli,Survey for study with aim to make STEM occupations more attractive to women,https://www.reddit.com/r/STEM/comments/8zueli/survey_for_study_with_aim_to_make_stem/
c8cm1w,Elementary School Makerspace Research,https://www.reddit.com/r/STEM/comments/c8cm1w/elementary_school_makerspace_research/
cc4fao,Girls Sports Hackathon with 49ers,https://www.reddit.com/r/STEM/comments/cc4fao/girls_sports_hackathon_with_49ers/
dfoehn,Writing a Biology Literature Review,https://www.reddit.com/r/STEM/comments/dfoehn/writing_a_biology_literature_review/
di05zb,Writing a STEM Curriculum for Grades 3-5.,https://www.reddit.com/r/STEM/comments/di05zb/writing_a_stem_curriculum_for_grades_35/
di8ybv,Coding and literacy with building interactive stories,https://www.reddit.com/r/STEM/comments/di8ybv/coding_and_literacy_with_building_interactive/
es0afy,Issues With Chegg?,https://www.reddit.com/r/STEM/comments/es0afy/issues_with_chegg/
g59zhb,Career advice for a high school student?,https://www.reddit.com/r/STEM/comments/g59zhb/career_advice_for_a_high_school_student/
g65eq0,Looking for career guidance in STEM? Contact our mentors!,https://www.reddit.com/r/STEM/comments/g65eq0/looking_for_career_guidance_in_stem_contact_our/
he7icg,Graduate STEM Capstone Project,https://www.reddit.com/r/STEM/comments/he7icg/graduate_stem_capstone_project/
hem327,Graduate Research on STEM in the classroom,https://www.reddit.com/r/STEM/comments/hem327/graduate_research_on_stem_in_the_classroom/
be8qel,Why can't I find a single critique of the STL's?,https://www.reddit.com/r/STEM/comments/be8qel/why_cant_i_find_a_single_critique_of_the_stls/
9tcso6,Idea? Research collaboration web,https://www.reddit.com/r/STEM/comments/9tcso6/idea_research_collaboration_web/
9ojsdy,Great Video to Inspire Students in STEM,https://www.reddit.com/r/STEM/comments/9ojsdy/great_video_to_inspire_students_in_stem/
98qr9c,STEM Career Comic Books What Are Lifestyle Learning¬Æ Comics,https://www.youtube.com/attribution_link?a=6s794rS1Jp0&amp;u=%2Fwatch%3Fv%3DjR87kIb8IzM%26feature%3Dshare
9otcor,STEM Career Comic Books - What Are Lifestyle Learning¬Æ Comics,https://www.youtube.com/watch?v=LD7To2tPSjg&amp;feature=youtu.be
a6gzw6,Future STEM Educator Looking for Help,https://www.reddit.com/r/STEM/comments/a6gzw6/future_stem_educator_looking_for_help/
b9vjka,How does one go about pursuing a career in science?,https://www.reddit.com/r/STEM/comments/b9vjka/how_does_one_go_about_pursuing_a_career_in_science/
bukaqw,Build a Better Book project - K-12 STEAM curriculum/resources for building tactile books &amp; games,https://www.colorado.edu/project/bbb/
bx44t1,Bunch of books on STEM are now on huge sale for $15,https://twitter.com/AssortMaoo/status/1136292606604976128
c0xxph,STEM Books Bundle by Mercury Learning,https://steamgamebundles.blogspot.com/2019/06/stem-books-bundle-by-mercury-learning.html
cnm1ck,"Are there Books like ""Elementary Mathematics"" by M.Vygodsky but for Physics",https://www.reddit.com/r/STEM/comments/cnm1ck/are_there_books_like_elementary_mathematics_by/
dagr7j,Discussion of an article about the salaries of English Majors and Engineers,https://www.reddit.com/r/STEM/comments/dagr7j/discussion_of_an_article_about_the_salaries_of/
dms2u5,Toys that teach children practical skills,https://www.reddit.com/r/STEM/comments/dms2u5/toys_that_teach_children_practical_skills/
h0mo4y,STEM activity: help your kids write their first program in less than 1/2 h with this FREE e-book,https://www.reddit.com/r/STEM/comments/h0mo4y/stem_activity_help_your_kids_write_their_first/
h0rttn,Getting ready,https://www.reddit.com/r/STEM/comments/h0rttn/getting_ready/
hmuko1,"Physics, calculus, evolution",https://www.reddit.com/r/STEM/comments/hmuko1/physics_calculus_evolution/
9h0xsp,"Activity ideas, not just for kids",https://www.reddit.com/r/STEM/comments/9h0xsp/activity_ideas_not_just_for_kids/
cpxf2v,What are you looking for in a Robotics/STEAM kit?,https://www.reddit.com/r/STEM/comments/cpxf2v/what_are_you_looking_for_in_a_roboticssteam_kit/
gxbgb9,Science Activities For KIDS: Without Long Parental Preperations!,https://www.reddit.com/r/STEM/comments/gxbgb9/science_activities_for_kids_without_long_parental/
963ip7,K-5 STEM Activities: I'd like to share,https://www.reddit.com/r/STEM/comments/963ip7/k5_stem_activities_id_like_to_share/
f2rpmb,STEM Scholarships for US Students,https://www.reddit.com/r/STEM/comments/f2rpmb/stem_scholarships_for_us_students/
g0bryx,All-female STEM Magazine,https://www.reddit.com/r/STEM/comments/g0bryx/allfemale_stem_magazine/
hojrmh,"""A philosophy to dangerous to acknowledge"" science ends in nonsense",https://www.reddit.com/r/STEM/comments/hojrmh/a_philosophy_to_dangerous_to_acknowledge_science/
b9mxcc,South Shore Science Festival,https://www.reddit.com/r/STEM/comments/b9mxcc/south_shore_science_festival/
ass3ie,Please complete a short survey (1-3 min) about online PD for teachers,https://www.reddit.com/r/STEM/comments/ass3ie/please_complete_a_short_survey_13_min_about/
f7yzi1,"Hey guys, is there any podcast type of conversation where real phisicist, chemist, biologist, computational person and mathematician is just talking about their perspectives on things?",https://www.reddit.com/r/STEM/comments/f7yzi1/hey_guys_is_there_any_podcast_type_of/
emkbyp,STEM for 9-12 Year Olds,https://www.reddit.com/r/STEM/comments/emkbyp/stem_for_912_year_olds/
Post ID,Title,Url
9i7w8o,Skeletal stem cells identified in humans,https://www.futuretimeline.net/blog/2018/09/22.htm
bjvr87,Growing Awareness Related to the Therapeutic Potency of Stem Cells in Effective Disease Management,https://healthcaremarketplace.news.blog/2019/04/30/growing-awareness-related-to-the-therapeutic-potency-of-stem-cells-in-effective-disease-management/
fbzldr,Stem cells for heart disease,https://www.health.harvard.edu/heart-health/repairing-the-heart-with-stem-cells
fceycu,Advantages and disadvantages of stem cells,https://www.reddit.com/r/STEM/comments/fceycu/advantages_and_disadvantages_of_stem_cells/
f577dy,STEM Research Paper,https://www.reddit.com/r/STEM/comments/f577dy/stem_research_paper/
9kudh1,Water Go round: Children's Science Book,https://www.reddit.com/r/kickstarter/comments/9ku287/aata_baata_ciabatta_water_go_round_childrens/
cbcqye,STEM Activity For Children : Practical Application Of Conducting Property of Water,https://www.reddit.com/r/STEM/comments/cbcqye/stem_activity_for_children_practical_application/
clg884,CIS vs Geology,https://www.reddit.com/r/STEM/comments/clg884/cis_vs_geology/
d2ycld,A STEM toy for kids that encourages active play and exploring scientific principles,https://www.reddit.com/r/STEM/comments/d2ycld/a_stem_toy_for_kids_that_encourages_active_play/
exn6r3,help with bioplastic project,https://www.reddit.com/r/STEM/comments/exn6r3/help_with_bioplastic_project/
hkd8og,Summer Virtual Science Fair and STEM Classes,https://www.reddit.com/r/STEM/comments/hkd8og/summer_virtual_science_fair_and_stem_classes/
b20uac,Science Experiments/ Demonstrations for After School Program,https://www.reddit.com/r/STEM/comments/b20uac/science_experiments_demonstrations_for_after/
9bpsrq,Seeing DNA and its base pairs in VR with Nanome.AI,https://i.redd.it/3ucyqi8oacj11.gif
9bpu3r,Seeing DNA and its base pairs in VR with Nanome.AI,https://i.redd.it/eqa1hfzobcj11.gif
f1z09q,[SURVEY] Unexpected findings on Direct to Consumer DNA tests,https://www.reddit.com/r/STEM/comments/f1z09q/survey_unexpected_findings_on_direct_to_consumer/
9tcbz9,RadioBio podcast interviews Dr. Sharon Strauss of UC Davis about her research on how plants evolved to use scents in their interactions with other plants.,https://www.radiobio.net/
ba353a,Stirling Engine model,https://www.reddit.com/r/STEM/comments/ba353a/stirling_engine_model/
c1bbdq,Seeking ideas for a booth promoting renewable energy,https://www.reddit.com/r/STEM/comments/c1bbdq/seeking_ideas_for_a_booth_promoting_renewable/
e8f8sg,Why do people make STEM fields out to be boring/soulless/uncreative?,https://www.reddit.com/r/STEM/comments/e8f8sg/why_do_people_make_stem_fields_out_to_be/
exr8mr,I needed help looking for STEM activities!,https://www.reddit.com/r/STEM/comments/exr8mr/i_needed_help_looking_for_stem_activities/
f4hyaz,How to get more energy?,https://www.reddit.com/r/STEM/comments/f4hyaz/how_to_get_more_energy/
f5yx3v,ORNL Science Education &amp; Workforce Development Virtual Career Fair,https://www.reddit.com/r/STEM/comments/f5yx3v/ornl_science_education_workforce_development/
fug393,A helpful explanation of energy and entropy,https://medium.com/predict/the-two-things-you-didnt-realize-govern-everything-52812af1b54c?source=friends_link&amp;sk=0358c8e2c8d99c283c466541e3c89bfd
9b18vj,Nanome: Minecraft for molecules.,https://www.reddit.com/r/STEM/comments/9b18vj/nanome_minecraft_for_molecules/
9bb26p,Virtual Reality in STEM Research: World's first VR-Stem software developed by a Blockchain company.,https://www.reddit.com/r/STEM/comments/9bb26p/virtual_reality_in_stem_research_worlds_first/
c5vbsm,Why structural biologists love to see molecules in Virtual Reality,https://blog.matryx.ai/why-structural-biologists-love-3d-molecular-visualization-in-virtual-reality-560ba25a4534
97f56l,Survey- STEM Research,https://www.reddit.com/r/STEM/comments/97f56l/survey_stem_research/
9cr0i3,I need help for a class,https://www.reddit.com/r/STEM/comments/9cr0i3/i_need_help_for_a_class/
9gq92g,Should I be concerned about not remembering how to do everything I learned in undergrad?,https://www.reddit.com/r/STEM/comments/9gq92g/should_i_be_concerned_about_not_remembering_how/
9iioi3,STEM research,https://www.reddit.com/r/STEM/comments/9iioi3/stem_research/
9wtduq,#AMA - Getting Girls in STEAM with HamiltonBuhl,https://www.reddit.com/r/STEM/comments/9wtduq/ama_getting_girls_in_steam_with_hamiltonbuhl/
agt9od,happens to anyone else?,https://www.reddit.com/r/STEM/comments/agt9od/happens_to_anyone_else/
b9vjka,How does one go about pursuing a career in science?,https://www.reddit.com/r/STEM/comments/b9vjka/how_does_one_go_about_pursuing_a_career_in_science/
bow85i,Important Life Skills That Children Learn from STEM Education,https://thestempedia.com/blog/important-life-skills-that-students-learn-from-stem-education/
byeyg3,Where to start a career change?,https://www.reddit.com/r/STEM/comments/byeyg3/where_to_start_a_career_change/
chelkg,Imbalanced Lifestyle in STEM,https://www.reddit.com/r/STEM/comments/chelkg/imbalanced_lifestyle_in_stem/
cjhrb5,I really need a research topic. can you guys suggest?,https://www.reddit.com/r/STEM/comments/cjhrb5/i_really_need_a_research_topic_can_you_guys/
cwh3jf,"[Hiring] Rolls-Royce is looking for a Lifecycle Engineer (Bristol, UK)",https://www.reddit.com/r/STEM/comments/cwh3jf/hiring_rollsroyce_is_looking_for_a_lifecycle/
dagr7j,Discussion of an article about the salaries of English Majors and Engineers,https://www.reddit.com/r/STEM/comments/dagr7j/discussion_of_an_article_about_the_salaries_of/
dplfdb,Five tips to increase student engagement in STEM education,https://www.reddit.com/r/STEM/comments/dplfdb/five_tips_to_increase_student_engagement_in_stem/
dpx8lp,Former athletes currently in STEM careers?,https://www.reddit.com/r/STEM/comments/dpx8lp/former_athletes_currently_in_stem_careers/
dy32e8,Struggling with classes,https://www.reddit.com/r/STEM/comments/dy32e8/struggling_with_classes/
elzbuc,Building a social life,https://www.reddit.com/r/STEM/comments/elzbuc/building_a_social_life/
emkbyp,STEM for 9-12 Year Olds,https://www.reddit.com/r/STEM/comments/emkbyp/stem_for_912_year_olds/
f2sl9g,I got my social life to the next level. You can do that too!,https://www.reddit.com/r/STEM/comments/f2sl9g/i_got_my_social_life_to_the_next_level_you_can_do/
f6qojt,He became a completely new person,https://www.reddit.com/r/STEM/comments/f6qojt/he_became_a_completely_new_person/
fpvxmh,Building social circles as a physicist,https://www.reddit.com/r/STEM/comments/fpvxmh/building_social_circles_as_a_physicist/
fskj3k,Relatable scenarios for teaching Math and Physics,https://www.reddit.com/r/STEM/comments/fskj3k/relatable_scenarios_for_teaching_math_and_physics/
fxmcpc,Relatable scenarios for teaching Math and Physics,https://www.reddit.com/r/STEM/comments/fxmcpc/relatable_scenarios_for_teaching_math_and_physics/
g59zhb,Career advice for a high school student?,https://www.reddit.com/r/STEM/comments/g59zhb/career_advice_for_a_high_school_student/
gotw2o,COLLEGE STUDENT IN NEED!!!,https://www.reddit.com/r/STEM/comments/gotw2o/college_student_in_need/
gt9occ,"For those Interested in Scientist-Interviews: This is Dr. Tanya Harrison, Former Mission Operator with the Mars Rovers and Planetary Scientist, Discussing the Significance of a Lack of Life on Mars.",https://youtu.be/P3zYQ9j44f8
gxbgb9,Science Activities For KIDS: Without Long Parental Preperations!,https://www.reddit.com/r/STEM/comments/gxbgb9/science_activities_for_kids_without_long_parental/
hetz15,"I‚Äôve been assign to interview someone in the engineering or science fields, but I don‚Äôt know anyone to ask in real life. Would anyone here be willing to help me?",https://i.redd.it/2iuknrkd9s651.jpg
hgy2hu,"A server dedicated to opinions, knowledge, and theory: Sciences &amp; Humanities (life science, physical science, earth science, psychology, philosophy, politics, math, &amp; more). All discussions and debates are welcomed. Come engage in mind-stimulating discussion.",https://discord.com/invite/PV8snuv
cfdpoe,Spectral lines - playing with light waves ‚Äî stemgeeks,https://stemgeeks.net/steemstem/@svemirac/spectral-lines-playi-1563525530
gxkab1,Confused student asking for advice,https://www.reddit.com/r/STEM/comments/gxkab1/confused_student_asking_for_advice/
fy55rg,Inspiring Girls Now in Techonology Evolution (IGNITE!),https://www.reddit.com/r/STEM/comments/fy55rg/inspiring_girls_now_in_techonology_evolution/
fy561m,Inspiring Girls Now in Technology Evolution (IGNITE!),https://www.reddit.com/r/STEM/comments/fy561m/inspiring_girls_now_in_technology_evolution_ignite/
hmuko1,"Physics, calculus, evolution",https://www.reddit.com/r/STEM/comments/hmuko1/physics_calculus_evolution/
90w013,Online classes and lab,https://www.reddit.com/r/STEM/comments/90w013/online_classes_and_lab/
9ilhcb,"STEM jobs outside of the TE (Technology, Engineering) part?",https://www.reddit.com/r/STEM/comments/9ilhcb/stem_jobs_outside_of_the_te_technology/
c8rz96,Career options for someone interested in chemistry and math,https://www.reddit.com/r/STEM/comments/c8rz96/career_options_for_someone_interested_in/
co008j,Chemical vs eletrical engineering: which one as better employment rate or opportunities and job security?,https://www.reddit.com/r/STEM/comments/co008j/chemical_vs_eletrical_engineering_which_one_as/
co058r,Chemical vs eletrical engineering: which one has better employment rates/opportunities and job security?,https://www.reddit.com/r/STEM/comments/co058r/chemical_vs_eletrical_engineering_which_one_has/
f18zpw,How do you get tweens to enjoy and want to do Physics and Math...,https://www.reddit.com/r/STEM/comments/f18zpw/how_do_you_get_tweens_to_enjoy_and_want_to_do/
f9h78q,"So, should I just switch to Chemical Engineering?",https://www.reddit.com/r/STEM/comments/f9h78q/so_should_i_just_switch_to_chemical_engineering/
gvenz9,Chemistry set for kids,https://www.reddit.com/r/STEM/comments/gvenz9/chemistry_set_for_kids/
h0rttn,Getting ready,https://www.reddit.com/r/STEM/comments/h0rttn/getting_ready/
bo9d9m,Saildrone &amp; the 1851 Trust have developed a new STEM curriculum for middle-grade students based on the 2019 Antarctic Circumnavigation.,https://www.reddit.com/r/STEM/comments/bo9d9m/saildrone_the_1851_trust_have_developed_a_new/
9tcso6,Idea? Research collaboration web,https://www.reddit.com/r/STEM/comments/9tcso6/idea_research_collaboration_web/
Post ID,Title,Url
ba353a,Stirling Engine model,https://www.reddit.com/r/STEM/comments/ba353a/stirling_engine_model/
c1bbdq,Seeking ideas for a booth promoting renewable energy,https://www.reddit.com/r/STEM/comments/c1bbdq/seeking_ideas_for_a_booth_promoting_renewable/
e8f8sg,Why do people make STEM fields out to be boring/soulless/uncreative?,https://www.reddit.com/r/STEM/comments/e8f8sg/why_do_people_make_stem_fields_out_to_be/
exr8mr,I needed help looking for STEM activities!,https://www.reddit.com/r/STEM/comments/exr8mr/i_needed_help_looking_for_stem_activities/
f4hyaz,How to get more energy?,https://www.reddit.com/r/STEM/comments/f4hyaz/how_to_get_more_energy/
f5yx3v,ORNL Science Education &amp; Workforce Development Virtual Career Fair,https://www.reddit.com/r/STEM/comments/f5yx3v/ornl_science_education_workforce_development/
fug393,A helpful explanation of energy and entropy,https://medium.com/predict/the-two-things-you-didnt-realize-govern-everything-52812af1b54c?source=friends_link&amp;sk=0358c8e2c8d99c283c466541e3c89bfd
90w013,Online classes and lab,https://www.reddit.com/r/STEM/comments/90w013/online_classes_and_lab/
f3ksft,"Funding for Study of Barriers to Higher Education in Science, Technology, Engineering, and Math (STEM) Among Women and Disadvantaged Groups in Nepal",https://www.reddit.com/r/STEM/comments/f3ksft/funding_for_study_of_barriers_to_higher_education/
gxbgb9,Science Activities For KIDS: Without Long Parental Preperations!,https://www.reddit.com/r/STEM/comments/gxbgb9/science_activities_for_kids_without_long_parental/
cfdpoe,Spectral lines - playing with light waves ‚Äî stemgeeks,https://stemgeeks.net/steemstem/@svemirac/spectral-lines-playi-1563525530
gxkab1,Confused student asking for advice,https://www.reddit.com/r/STEM/comments/gxkab1/confused_student_asking_for_advice/
hkd8og,Summer Virtual Science Fair and STEM Classes,https://www.reddit.com/r/STEM/comments/hkd8og/summer_virtual_science_fair_and_stem_classes/
9pokux,Experimenting with Electric Paint,https://www.youtube.com/watch?v=ljHkFGn_chg
cnm7f6,Pic2Mag's Field Calculator is a free program where you and your students can draw magnets on the screen and the Field Calculator computes and diagrams the magnetic fields. The drawings can be both science and art.,https://www.reddit.com/r/STEM/comments/cnm7f6/pic2mags_field_calculator_is_a_free_program_where/
d6ajj4,Make an Oscillating Electric Table Fan Using DC Motor and a Servo Motor,https://thestempedia.com/project/diy-oscillating-electric-table-fan/
gjg860,How do I develop an interest in STEM fields as an adult?,https://www.reddit.com/r/STEM/comments/gjg860/how_do_i_develop_an_interest_in_stem_fields_as_an/
ebgaye,STEM departments need to be ‚Äòless white and male‚Äô,https://www.reddit.com/r/STEM/comments/ebgaye/stem_departments_need_to_be_less_white_and_male/
8z0m67,How Do 3D Printers Work? - 3D Printing Terminology Part 2,https://www.reddit.com/r/STEM/comments/8z0m67/how_do_3d_printers_work_3d_printing_terminology/
dlwlua,Optimization career,https://www.reddit.com/r/STEM/comments/dlwlua/optimization_career/
fs45yn,Making STEM Video better,https://www.reddit.com/r/STEM/comments/fs45yn/making_stem_video_better/
a05pyj,Math for its own sake.. my thoughts,https://www.reddit.com/r/STEM/comments/a05pyj/math_for_its_own_sake_my_thoughts/
a3lk47,STEM interactive lesson for Arabic,https://www.reddit.com/r/STEM/comments/a3lk47/stem_interactive_lesson_for_arabic/
dbd6e7,Ping Pong + Motion Tracking + Augmented Reality,https://v.redd.it/s7hcpa0l1rp31
dbd70k,Ping Pong + Motion Tracking + Augmented Reality,https://v.redd.it/mu8n3uzt1rp31
g6iujx,Making the Engenius Contraptions perpetual motion marble run,https://youtu.be/41nlZ1dSIls
g9nvyu,Feedback on our materials for teaching physics and programming through wearable electronic art,https://www.reddit.com/r/STEM/comments/g9nvyu/feedback_on_our_materials_for_teaching_physics/
8zyme1,What is Gcode? - For 3D Printing!,https://www.reddit.com/r/STEM/comments/8zyme1/what_is_gcode_for_3d_printing/
9lel52,Radiobio interviews Dr. Anita Sil of UCSF on how the fungal pathogen Histoplasma capsulatum regulates its cell shape and virulence by temperature.,https://www.radiobio.net/
9s442p,"Pic2Mag Version 2.1 is released. It is a free windows command line program that can process any magnetic array configuration that you can draw. Your students draw the magnets, Pic2Mag draws the fields!",https://i.redd.it/d80by0zz5yu11.png
a8k43t,"360 Degree Magnetic Panorama View of Two Disc Magnets, the video starts with the Observer facing North Pole of the Red Magnet with South Pole of the Blue Magnet behind the Observer.",https://vimeo.com/307833572
dmrxa6,Here are the 13 best STEM toys for kids,https://www.reddit.com/r/STEM/comments/dmrxa6/here_are_the_13_best_stem_toys_for_kids/
fr7d5h,Magic Penny Magnetic Kit,/user/thriftingncollecting/comments/fr6lyt/magic_penny_magnetic_kit/
b20uac,Science Experiments/ Demonstrations for After School Program,https://www.reddit.com/r/STEM/comments/b20uac/science_experiments_demonstrations_for_after/
hgzfs0,How air pressure works || DIY - Part 2,https://www.youtube.com/watch?v=XXIa2XQ61ok&amp;feature=share
bvgxov,Crash course on air masses and how they are classified and contribute to different types of weather. Earth science educational videos weekly. üòä,https://youtu.be/HFRboLJzEmw
d7ynxs,Aerospace Internship and Executive Mentorship Opportunities,https://www.reddit.com/r/STEM/comments/d7ynxs/aerospace_internship_and_executive_mentorship/
fijbpk,"Panel-1 Arrays of permanent magnets, designed to have isopotential plots similar to hydrogen wave functions of 1s, 2p, 3d, &amp; 4f. If you can draw it, Pic2Mag can process it. Pic2Mag software is available in the Microsoft and Google stores.",https://i.redd.it/su8x7777gnm41.png
h9vgg6,Best unit converter app? (iOS),https://www.reddit.com/r/STEM/comments/h9vgg6/best_unit_converter_app_ios/
clg884,CIS vs Geology,https://www.reddit.com/r/STEM/comments/clg884/cis_vs_geology/
cwh3jf,"[Hiring] Rolls-Royce is looking for a Lifecycle Engineer (Bristol, UK)",https://www.reddit.com/r/STEM/comments/cwh3jf/hiring_rollsroyce_is_looking_for_a_lifecycle/
eba7b9,What can I do to prepare myself in 3 years?,https://www.reddit.com/r/STEM/comments/eba7b9/what_can_i_do_to_prepare_myself_in_3_years/
98td7x,STEMMING Up: The Most Rewarding STEM Toys to Learn Coding in 2018,https://www.reddit.com/r/STEM/comments/98td7x/stemming_up_the_most_rewarding_stem_toys_to_learn/
c8rz96,Career options for someone interested in chemistry and math,https://www.reddit.com/r/STEM/comments/c8rz96/career_options_for_someone_interested_in/
dojldo,codeguppy.com - Coding for kids in the 21st century,https://www.reddit.com/r/STEM/comments/dojldo/codeguppycom_coding_for_kids_in_the_21st_century/
g1dxes,B.S. Chemistry and Clinical Research,https://www.reddit.com/r/STEM/comments/g1dxes/bs_chemistry_and_clinical_research/
bdvr8e,"My wife getting my 2yo into STEM - ""Non-Newtonian fluid"" - Proud!",https://youtu.be/fu5qSQHh3No
gy6777,QuBes Summer Camp (Beginners level Quantum Computing Course),https://www.reddit.com/r/STEM/comments/gy6777/qubes_summer_camp_beginners_level_quantum/
hga2kb,Quantum Computing Summer Camp!!,https://www.reddit.com/r/STEM/comments/hga2kb/quantum_computing_summer_camp/
9b18vj,Nanome: Minecraft for molecules.,https://www.reddit.com/r/STEM/comments/9b18vj/nanome_minecraft_for_molecules/
9bb26p,Virtual Reality in STEM Research: World's first VR-Stem software developed by a Blockchain company.,https://www.reddit.com/r/STEM/comments/9bb26p/virtual_reality_in_stem_research_worlds_first/
c5vbsm,Why structural biologists love to see molecules in Virtual Reality,https://blog.matryx.ai/why-structural-biologists-love-3d-molecular-visualization-in-virtual-reality-560ba25a4534
a1r5qd,I have build Paper Circuit for Solar System.,https://www.reddit.com/r/STEM/comments/a1r5qd/i_have_build_paper_circuit_for_solar_system/
ca4hjf,Tabletop game ‚ÄúDo not short circuit‚Äù to learn a basics of an electrical circuits.,https://i.redd.it/x87994zy8u831.jpg
ca4nz9,Learn electrical circuit with board game,https://boardgamegeek.com/boardgame/255290/do-not-short-circuit
d02hsc,Digi-Key and Student Circuit are running drone competition during Freshers Fair events,https://www.student-circuit.com/news/digi-key-partnership-with-student-circuit-for-freshers-week/
ff3ceu,Kiddo wants to turn cardboard box into car! Resources/suggestions for constructing functional wheels that can bear 55lbs weight from around the house items?,https://www.reddit.com/r/STEM/comments/ff3ceu/kiddo_wants_to_turn_cardboard_box_into_car/
fm4l8u,Has anyone else let themselves go while completing their degree(s)?,https://www.reddit.com/r/STEM/comments/fm4l8u/has_anyone_else_let_themselves_go_while/
eqo7yw,LITTLE ENGINEERS,https://www.reddit.com/r/STEM/comments/eqo7yw/little_engineers/
9deg39,Woman w STEM degree,https://www.reddit.com/r/STEM/comments/9deg39/woman_w_stem_degree/
9eg42n,Why do we need more women in STEM?,https://www.reddit.com/r/STEM/comments/9eg42n/why_do_we_need_more_women_in_stem/
akliwu,Need opinions on freshmen years,https://www.reddit.com/r/STEM/comments/akliwu/need_opinions_on_freshmen_years/
dy32e8,Struggling with classes,https://www.reddit.com/r/STEM/comments/dy32e8/struggling_with_classes/
e31w4m,"Trying to pick what to study, any advice appreciated!",https://www.reddit.com/r/STEM/comments/e31w4m/trying_to_pick_what_to_study_any_advice/
em111w,Arc reactors,https://www.reddit.com/r/STEM/comments/em111w/arc_reactors/
hl7frm,STEMninjas: A Remote Volunteer Opportunity,https://www.reddit.com/r/STEM/comments/hl7frm/stemninjas_a_remote_volunteer_opportunity/
963ip7,K-5 STEM Activities: I'd like to share,https://www.reddit.com/r/STEM/comments/963ip7/k5_stem_activities_id_like_to_share/
b00iog,The Best STEM Reporters in America,https://www.reddit.com/r/STEM/comments/b00iog/the_best_stem_reporters_in_america/
bc9kym,Bridging The Gender Gap In STEM,https://www.reddit.com/r/STEM/comments/bc9kym/bridging_the_gender_gap_in_stem/
bkk5ub,Hopefully this can help inspire people to get into STEM,https://www.reddit.com/r/STEM/comments/bkk5ub/hopefully_this_can_help_inspire_people_to_get/
brrqw9,Has anyone tried CodeWizardsHQ?,https://www.reddit.com/r/STEM/comments/brrqw9/has_anyone_tried_codewizardshq/
brrw0u,Has anyone taken coding classes through CodeWizardsHQ?,https://www.reddit.com/r/STEM/comments/brrw0u/has_anyone_taken_coding_classes_through/
cc4fao,Girls Sports Hackathon with 49ers,https://www.reddit.com/r/STEM/comments/cc4fao/girls_sports_hackathon_with_49ers/
dirxy4,"Video on the eyewall &amp; rainbands of a tropical cyclone. New videos related to the earth sciences, space weather and climate posted every Wednesday",https://youtu.be/_9AO8em0vyo
esvlhn,Ideas for Tracking Makerspace usage metrics,https://www.reddit.com/r/STEM/comments/esvlhn/ideas_for_tracking_makerspace_usage_metrics/
hos9o9,STEM Lessons From Space,https://www.nasa.gov/audience/foreducators/stem-on-station/lessons_from_space/index.html
